push_tag,push_userid,push_content,push_time
→,leejy0224,[日盛][台中][豐原][現/期/基/連動債][0958-713477],07/24 14:56
推,dickson2,[日盛][台北][景美][現貨/期貨][0968-076209],07/24 17:55
推,having,[日盛][台北][士林][現貨/期貨][02-28366337],07/25 08:49
推,guiding,[統一][台北][城中][現貨/基金][0958-080733],07/26 01:58
推,happyohhi,[寶來][台南][台南分公司][現/期貨/基金][0910-150660],07/26 02:42
推,pig1024,[日盛][新竹][新竹][現/期/基/連/海外股票][03-5227907],07/26 20:15
推,ToBeGentle,[兆豐][台北][現/基/複/基/港/英/美][0937838773],07/31 07:19
推,tallen,[台証][台北][北投][現/期/複/基][0952880752],08/09 00:54
推,chffield,[國票][台中][北區][現/期/保險/基金][0952-358865],08/11 22:30
推,genighcloud,[元大][台北][大同區][現/期/複/基/險/貸][2557-7295],08/18 09:34
推,AhPon,[兆豐][台北車站][現貨/期貨/複委託/基金/港股][2312-3595],08/22 21:32
推,king9,[大華][台北車站][專業期貨商][0229353751],08/27 09:31
推,tttttt,[國票][台北][專業期貨商][0229353966-502],08/27 09:34
推,irra05,[兆豐][台北][松山區][現/複/基/港][0912-360056],09/02 20:05
推,Sn,[群益][台北][大安區][現/複/基/港/貸][0912-591897],09/05 23:38
→,chch1006,<元大證劵莒光分行><楠梓><0958822982><婉琪>,11/14 00:00
推,kkn,續空台半 空到底,11/14 13:44
推,ckping,美指衝了 跟歐股的美現同上同下 到底是誰要婊誰呢？,11/14 21:47
推,mjjon,[大慶][台北][蘆洲][現貨/期貨/基金][0939-994877],11/15 00:11
推,xhobby,今天3481很鳥,11/15 10:43
推,uranusa,受教  學習中,11/15 13:27
推,F7,台股▕,03/26 08:47
→,F7,5000▕—,03/26 08:47
→,F7,▕  —,03/26 08:47
→,F7,4500▕    —,03/26 08:47
→,F7,▕      —,03/26 08:47
→,F7,4000▕        —,03/26 08:47
→,F7,▕          —,03/26 08:47
→,F7,3955▕            —,03/26 08:47
→,F7,▕              —,03/26 08:47
→,F7,3411▕                ＿＿＿＿＿＿＿＿＿＿＿＿＿＿＿＿,03/26 08:47
→,F7,▕＿＿＿＿＿＿＿＿＿＿＿＿＿＿＿＿＿＿＿＿＿＿＿＿＿,03/26 08:47
→,playall,▆▏                   ▂▁,12/21 19:09
→,playall,◢█                     █▊,12/21 19:09
→,playall,◢█◤                     █▋,12/21 19:09
→,playall,◢█◤   ◥◣▁              █▌,12/21 19:09
→,playall,◢█◤       ◥█◣            █▍▂▄▅▆,12/21 19:09
→,playall,◢██▄▅▆▇███▍   ▄▅▆▇█████◤,12/21 19:09
→,playall,◥███◤        ◥▋    ◥◤  ██◣,12/21 19:09
→,playall,▁▂ˍ           ◢█ █◣,12/21 19:09
→,playall,▇▆▅▆▇███▏       ◢█▋ ◥█◣,12/21 19:09
→,playall,█▎        █▍       ◢█◤    ◥█◣,12/21 19:09
→,playall,█▏       █▍      ◢█◤       ◥██◣,12/21 19:09
→,playall,█▇▆▅▄█▎   ◢█◤            ◥███◣,12/21 19:09
→,playall,◥◤           ◢█◤,12/21 19:09
推,optronics,版煮出手囉,01/06 17:19
推,rtpop,幹的好~~,01/06 19:02
推,gigajan,Good~,01/06 19:16
推,annaannasui,版主現在才處理 會不會太慢了點,01/06 19:52
推,qooggyy,(Y)~ 支持版主,01/06 20:10
推,youbest,保留的好  支持版主  ^^,01/06 20:18
推,Blaze4,推,01/06 20:24
推,slippers,"快把道歉文m起來留著, 不然他還會刪文~",01/06 20:31
推,OutOfHome,建議版主去ALLPOST把文章都拿回來,01/07 11:46
推,Rock0930,Good Job,01/07 12:33
推,SeanChiang,版主好！,01/07 18:12
推,himanshu,好!,01/08 13:53
推,F7,▕,11/20 08:39
→,F7,▕,11/20 08:39
→,F7,▕,11/20 08:39
→,F7,▕,11/20 08:39
→,F7,▕,11/20 08:39
→,F7,4000▕—,11/20 12:51
→,F7,▕    —,11/20 12:51
→,F7,3000▕         —,11/20 12:51
→,F7,▕,11/20 12:51
→,F7,2000▕,11/20 12:51
→,F7,▕,11/20 12:51
→,F7,1000▕,11/20 12:51
→,F7,▕＿＿＿＿＿＿＿＿＿＿＿＿＿＿＿＿＿＿＿＿＿＿＿＿＿,11/20 12:51
→,F7,9:00      10:00      11:00     12:00     1300  1330,11/20 12:51
→,playall,▆▏                   ▂▁,12/21 19:09
→,playall,◢█                     █▊,12/21 19:09
→,playall,◢█◤                     █▋,12/21 19:09
→,playall,◢█◤   ◥◣▁              █▌,12/21 19:09
→,playall,◢█◤       ◥█◣            █▍▂▄▅▆,12/21 19:09
→,playall,◢██▄▅▆▇███▍   ▄▅▆▇█████◤,12/21 19:09
→,playall,◥███◤        ◥▋    ◥◤  ██◣,12/21 19:09
→,playall,▁▂ˍ           ◢█ █◣,12/21 19:09
→,playall,▇▆▅▆▇███▏       ◢█▋ ◥█◣,12/21 19:09
→,playall,█▎        █▍       ◢█◤    ◥█◣,12/21 19:09
→,playall,█▏       █▍      ◢█◤       ◥██◣,12/21 19:09
→,playall,█▇▆▅▄█▎   ◢█◤            ◥███◣,12/21 19:09
→,playall,◥◤           ◢█◤,12/21 19:09
→,MaInNine,zz,10/30 16:44
推,kingpiggy,頭推新板主,03/13 10:53
推,capalu,辛苦您了...,03/13 10:54
推,liouink,辛苦了,03/13 10:54
推,nccumis,辛苦了 XD,03/13 10:58
→,lalalahu,辛苦了!,03/13 11:10
推,wekl,good job,03/13 11:25
推,GregoryHouse,我推dd~~~~,03/13 11:26
推,wmh1109,"果然是順應民心,仁心仁政的君主,喊盤跟投顧都加進來了,推!",03/13 11:32
推,liau,推~~  版主辛苦…,03/13 12:44
→,frank0202,版主辛苦…,03/13 21:02
推,yphs88,請定個標題範例~或者說明...根本搞不輕要怎發,03/18 01:28
推,F7,台股▕,03/17 22:51
→,F7,4000▕—,03/17 22:51
→,F7,▕  —,03/17 22:51
→,F7,3500▕    —,03/17 22:51
→,F7,▕      —,03/17 22:51
→,F7,3000▕        —,03/17 22:51
→,F7,▕          —,03/17 22:51
→,F7,2630▕            ＿＿＿＿＿＿＿＿＿＿＿＿＿＿＿＿＿＿,03/17 22:51
→,F7,▕＿＿＿＿＿＿＿＿＿＿＿＿＿＿＿＿＿＿＿＿＿＿＿＿＿,03/17 22:51
→,playall,▆▏                   ▂▁,12/21 19:09
→,playall,◢█                     █▊,12/21 19:09
→,playall,◢█◤                     █▋,12/21 19:09
→,playall,◢█◤   ◥◣▁              █▌,12/21 19:09
→,playall,◢█◤       ◥█◣            █▍▂▄▅▆,12/21 19:09
→,playall,◢██▄▅▆▇███▍   ▄▅▆▇█████◤,12/21 19:09
→,playall,◥███◤        ◥▋    ◥◤  ██◣,12/21 19:09
→,playall,▁▂ˍ           ◢█ █◣,12/21 19:09
→,playall,▇▆▅▆▇███▏       ◢█▋ ◥█◣,12/21 19:09
→,playall,█▎        █▍       ◢█◤    ◥█◣,12/21 19:09
→,playall,█▏       █▍      ◢█◤       ◥██◣,12/21 19:09
→,playall,█▇▆▅▄█▎   ◢█◤            ◥███◣,12/21 19:09
→,playall,◥◤           ◢█◤,12/21 19:09
→,e0101010,你可以用ㄅ半嗎？ 樣CP值比較高,10/13 20:00
→,Icerfx,我媽之前在原復華是開中信營業員也跟她說要換,10/25 14:06
→,iahon,山,10/26 12:49
→,iahon,朋,10/26 12:50
→,F7,▕,11/20 08:41
→,F7,▕,11/20 08:41
→,F7,▕,11/20 08:41
→,F7,▕,11/20 08:41
→,F7,▕,11/20 08:41
→,playall,▆▏                   ▂▁,12/21 19:09
→,playall,◢█                     █▊,12/21 19:09
→,playall,◢█◤                     █▋,12/21 19:09
→,playall,◢█◤   ◥◣▁              █▌,12/21 19:09
→,playall,◢█◤       ◥█◣            █▍▂▄▅▆,12/21 19:09
→,playall,◢██▄▅▆▇███▍   ▄▅▆▇█████◤,12/21 19:09
→,playall,◥███◤        ◥▋    ◥◤  ██◣,12/21 19:09
→,playall,▁▂ˍ           ◢█ █◣,12/21 19:09
→,rhyhaven,▇▆▅▆▇███▏       ◢█▋ ◥█◣,10/30 15:07
→,rhyhaven,█▎        █▍       ◢█◤    ◥█◣,10/30 15:07
→,rhyhaven,█▏       █▍      ◢█◤       ◥██◣,10/30 15:08
→,rhyhaven,█▇▆▅▄█▎   ◢█◤            ◥███◣,10/30 15:08
→,rhyhaven,◥◤           ◢█◤,10/30 15:09
推,yexus,推轉檯,03/29 14:44
推,liouink,推,03/29 14:50
推,gtopoison,寄回作者信箱就感覺不錯^^,03/29 14:55
推,cosmetics,ddk好帥啊，清除不良分子,03/29 16:07
推,justdoit,辛苦啦,03/29 16:26
推,stasis,力挺ddk,03/29 18:06
推,Orj,,03/29 18:49
推,diaspora,ddk加油!,03/29 21:26
推,F7,台股▕,03/18 08:38
→,F7,4000▕—,03/18 08:38
→,F7,▕  —,03/18 08:38
→,F7,3500▕    —,03/18 08:38
→,F7,▕      —,03/18 08:38
→,F7,3000▕        —,03/18 08:38
→,F7,▕          —,03/18 08:38
→,F7,2630▕            ＿＿＿＿＿＿＿＿＿＿＿＿＿＿＿＿＿＿,03/18 08:38
→,F7,▕＿＿＿＿＿＿＿＿＿＿＿＿＿＿＿＿＿＿＿＿＿＿＿＿＿,03/18 08:38
推,jerry213,Great ~~~,04/10 15:20
推,littlegame,其實這樣的文章 大可以到置底的聊天文去推文聊天  :),04/10 15:22
推,gtopoison,那開閒聊的標題，其目的是?,04/10 15:22
推,hwuhwu,就是給你置底閒聊的那篇閒聊阿  有這麼難懂嗎 尬的,04/10 15:29
推,gtopoison,了解..所以一天應該只有一篇閒聊的文章囉,04/10 15:34
推,hwuhwu,我也不知道~或許有些高手謙虛覺得他的分析文像是閒聊也用?,04/10 15:36
推,Lumbar,不一定只有一篇吧  出現哪個重大政策  應該也可以閒聊,04/10 15:37
推,hwuhwu,"閒聊中不忘分析 >""<",04/10 15:39
推,gtopoison,嗯，上面那篇有意見的文章，應該是著重在與版主認知不同,04/10 15:43
→,gtopoison,不過還是應該要版友適應版主.,04/10 15:46
推,Tuberculosis,支持版主,04/10 16:30
推,iele,支持,04/10 17:44
→,F7,▕,11/20 08:41
→,F7,▕,11/20 08:41
→,F7,▕,11/20 08:41
→,F7,▕,11/20 08:41
→,F7,▕,11/20 08:41
→,F7,3900▕＿＿＿＿＿＿＿＿＿＿＿＿＿＿＿＿＿＿＿＿＿＿＿＿＿,11/20 08:41
→,F7,▕,11/20 08:41
推,Lumbar,推  不過有心想亂的還是擋不住~~,04/12 15:05
推,jglr7129,我第一個想到腫男葛隔 XDD   推有心,04/12 15:07
推,eugenehsu,不推不行,04/12 15:08
推,zxcas,再更嚴格一點比較好,04/12 15:34
推,jerry213,"劣文10篇以下 也太鬆了吧 ~~~ >""<",04/12 15:46
→,rushspicy,那像tvv兄那樣討噓分享心得經驗的人怎麼辦，他有8劣了@@,04/12 15:51
推,AstroNew,懷念tvv大! 喜歡他的文章說...,04/12 15:55
→,AstroNew,他是三優 沒有八劣哩,04/12 15:56
→,jerry213,tvv有裂紋嗎 XD,04/12 15:59
→,AstroNew,沒有,04/12 16:04
推,eastboy,請問劣文優文怎麼來的阿?,04/12 16:04
推,jerry213,板主給的 ？ 我也不知道 我自己怎麼有一篇 我都不知道= =,04/12 16:17
推,Suckgoodbud,這樣我就不能發文了啦唉唷,04/12 16:26
推,remembrance,這限制其實跟沒限制差不多..,04/12 16:28
推,AllenLin7,),04/12 16:32
推,guky,推一下,04/12 16:44
推,kigirl,話說我也有劣文1篇..亂罵陳總統的後果>.<~~我以後不敢了,04/12 16:44
推,nomadic,前三項多加個零都不為過,04/12 17:02
推,yuhnyang,推樓上的,04/12 17:50
→,NotEasyToSay,推樓樓上,04/12 17:56
推,kanx,DD  賭盤是不是出問題了,04/24 23:10
推,economicer,對不起 謝謝～,04/24 23:24
推,ddk,耶? 怎麼了? 賭盤哪出問題?,04/24 23:26
推,kanx,幾乎都壓下跌XD 不太習慣...,04/24 23:39
推,ciccio,顧著把妹 忘了開賭盤,05/02 07:44
推,fatboyslip,最近賭盤跟股市一樣 錢都被少數人賺走,05/02 07:51
推,lalalahu,XD~,05/02 08:18
推,justdoit,ptt賭盤也能驗證28法則XD,05/02 09:23
→,duvus,我贏了耶  空軍一號真舒適,05/02 10:11
→,F7,▕,11/20 08:43
→,F7,▕,11/20 08:43
→,F7,▕,11/20 08:43
→,F7,▕,11/20 08:43
→,F7,▕,11/20 08:43
→,F7,3900▕＿＿＿＿＿＿＿＿＿＿＿＿＿＿＿＿＿＿＿＿＿＿＿＿＿,11/20 08:43
→,F7,▕,11/20 08:43
→,F7,▕＿＿＿＿＿＿＿＿＿＿＿＿＿＿＿＿＿＿＿＿＿＿＿＿＿,11/20 08:43
→,F7,9:00         10:00          11:00         12:00,11/20 08:43
→,F7,4000▕——,11/20 12:52
→,F7,▕    ——,11/20 12:52
→,F7,3000▕        ——,11/20 12:52
→,F7,▕                          ——,11/20 12:52
→,F7,2000▕                              ——,11/20 12:52
→,F7,▕                                           ——,11/20 12:52
→,F7,1000▕,11/20 12:52
→,F7,▕＿＿＿＿＿＿＿＿＿＿＿＿＿＿＿＿＿＿＿＿＿＿＿＿＿,11/20 12:52
→,F7,9:00      10:00      11:00     12:00     1300  1330,11/20 12:52
→,F7,4000▕——,11/20 12:52
→,F7,▕    ——,11/20 12:52
→,F7,3000▕        ——,11/20 12:52
→,F7,▕                          ——,11/20 12:52
→,F7,2000▕                              ——,11/20 12:52
→,F7,▕                                           ——,11/20 12:52
→,F7,1000▕,11/20 12:52
→,F7,▕＿＿＿＿＿＿＿＿＿＿＿＿＿＿＿＿＿＿＿＿＿＿＿＿＿,11/20 12:52
→,F7,9:00      10:00      11:00     12:00     1300  1330,11/20 12:52
推,allenmusic,@.@,01/05 14:12
推,khaos,我壓注都沒看過有發票啊,05/11 07:16
→,VincentChiu,me too,05/11 08:02
推,sadegg,壓注不會有發票的 只有騙人21點或買飼料才有發票,05/11 08:08
推,ddk,那就是我誤解了  囧,05/11 08:09
→,ww,完了 我昨天壓一堆收黑  現在都不見了,05/11 08:34
推,laechan,"我壓過一次300張長紅,結果被吃掉了,從此不賭了.",05/11 08:36
推,newnewnew1,我也從來沒有發票過,05/11 08:47
推,lalalahu,地雷股 XD~,05/11 09:08
推,bufferfly,我賭到沒錢了，這次沒下注...,05/11 11:32
推,jojochen,根本沒有發票...去sysop也不會理你,05/11 11:59
→,jojochen,"前一陣子PTT掛掉...我剛好梭哈,又中...結果什麼都沒有了",05/11 11:59
推,khaos,昨天故意壓中黑  被吃掉了  真冏...,05/11 13:43
→,ehorn,想說怎麼還沒收到獎金...這樣還領的到嗎？,05/11 14:36
→,Fankthia,我也被吃掉了 現在剩下8塊 =__=,05/11 16:31
推,sweetalex,推好文...我想戒煙也戒不掉,05/31 00:10
推,ccbbaa,推好文....早點看到這篇我就不會賣了要開始漲的股票Q_Q,05/31 00:42
推,molykote,推好文...盤中的波動又跟你何關？,05/31 06:12
推,F7,x股▕,01/08 08:59
→,F7,4000▕—,01/08 08:59
→,F7,▕  —,01/08 08:59
→,F7,3500▕    —,01/08 08:59
→,F7,▕      —,01/08 08:59
→,F7,3000▕        —,01/08 08:59
→,F7,▕          —,01/08 08:59
→,F7,2630▕            ＿＿＿＿＿＿＿＿＿＿＿＿＿＿＿＿＿＿,01/08 08:59
→,F7,▕＿＿＿＿＿＿＿＿＿＿＿＿＿＿＿＿＿＿＿＿＿＿＿＿＿,01/08 08:59
→,F7,台股▕,01/08 08:59
→,F7,4000▕—,01/08 08:59
→,F7,▕  —,01/08 08:59
→,F7,3500▕    —,01/08 08:59
→,F7,▕      —,01/08 08:59
→,F7,3000▕        —,01/08 08:59
→,F7,▕          —,01/08 08:59
→,F7,2630▕            ＿＿＿＿＿＿＿＿＿＿＿＿＿＿＿＿＿＿,01/08 08:59
→,F7,▕＿＿＿＿＿＿＿＿＿＿＿＿＿＿＿＿＿＿＿＿＿＿＿＿＿,01/08 08:59
→,F7,台股▕,02/13 08:49
→,F7,4000▕—,02/13 08:49
→,F7,▕  —,02/13 08:49
→,F7,3500▕    —,02/13 08:49
→,F7,▕      —,02/13 08:49
→,F7,3000▕        —,02/13 08:49
→,F7,▕          —,02/13 08:49
→,F7,2630▕            ＿＿＿＿＿＿＿＿＿＿＿＿＿＿＿＿＿＿,02/13 08:49
→,F7,▕＿＿＿＿＿＿＿＿＿＿＿＿＿＿＿＿＿＿＿＿＿＿＿＿＿,02/13 08:49
→,perilmu,,05/17 20:23
→,perilmu,1w                          __,05/17 20:23
→,perilmu,__,05/17 20:23
→,perilmu,8000                  __,05/17 20:23
→,perilmu,__,05/17 20:23
→,perilmu,7500            __,05/17 20:23
→,perilmu,__,05/17 20:23
→,perilmu,7000      __,05/17 20:23
→,perilmu,__,05/17 20:23
→,perilmu,6489__,05/17 20:23
→,perilmu,______________________________________,05/17 20:23
推,chinyafen,有戒掉囉!!                                      2009,10/05 15:34
推,juiaia,生日快樂 =^.^=,03/10 22:32
推,juiaia,生日快樂 =^.^=,03/10 21:25
推,juiaia,生日快樂 =^.^=,03/10 12:25
推,kolokolo,推...好詳細!!,06/17 06:41
推,wildpower,推~看Stock長知識...,06/17 08:19
推,Sana,"嗯,我買的成本17.6,已停損15.4.....多謝多謝!",06/17 10:32
推,munemasa,恩恩 又學了一課,06/17 10:58
推,JAZZLABA,好文.,06/17 13:53
推,foreverkn,推，夠專業，夠仔細，夠深入，真是好文！,06/17 15:25
推,gogp,好文必推!,06/17 15:56
推,chousc,好文忍不住一推呀,06/17 17:22
推,Rock0930,好讚,06/17 20:54
推,zwai,推!!!,06/17 22:15
推,galaxywind,好文 推,06/18 11:34
推,lr700,曾經買17.x  停在16  抱久會沒信心就出了  囧  （好文推）,06/19 11:14
→,PURE100,中紅是單軋廠，國際鋼胚漲翻了，與熱軋價格倒掛,06/20 22:16
→,PURE100,沒有低價料源，做一噸賠一噸...現在只能盡量降低開工率눠,06/20 22:16
推,kraven,"應付帳款不是這樣看,鋼廠上游都做現金",04/16 17:22
→,kraven,應付基本都是工資或其他非原材料費用,04/16 17:24
→,GauYi,ya,07/08 17:17
→,F7,9000▕__,12/04 08:37
→,F7,▕  __,12/04 08:37
→,F7,8000▕    __,12/04 08:37
→,F7,▕      __,12/04 08:37
→,F7,7000▕        __,12/04 08:37
→,F7,▕          __,12/04 08:37
→,F7,6000▕            __,12/04 08:37
→,F7,▕              __,12/04 08:37
→,F7,5000▕                __,12/04 08:37
→,F7,▕                   __,12/04 08:37
→,F7,3955▕                      __,12/04 08:37
→,F7,▕______________________________________,12/04 08:37
推,verylovemary,這篇厲害!,02/11 00:01
推,cht3000,買到外資認錯,11/21 14:21
→,a9564208,之前做行動通訊被調去客服…還好沒像某人憤而離職,12/13 21:00
推,bignose0623,羽絨衣衝阿,01/08 12:41
推,x526542012,2021年 衝到50了 XD,06/09 14:05
推,O10lOl01O,#1afLtjqd 18折?,07/06 18:06
→,qscxz,https://imgur.com/puQ300G,08/05 00:39
→,fargg,一,06/23 17:29
→,fargg,列,06/23 17:29
→,fargg,文,06/23 17:29
→,fargg,呢,06/23 17:29
→,ddk,視為相同,06/23 17:30
推,dspswen,XD,06/23 17:37
推,coeric,一行推文呢?XD,06/23 17:45
推,fang0,誰的推人不是一行一行的阿.....XD,06/23 17:50
推,kunjin,7樓自婊 XDD,06/23 18:02
推,iamhsg,XDDD,06/23 21:12
→,hsupohan,版大辛苦了!!,07/09 21:49
推,xnow,版大辛苦了!!,07/09 21:51
推,dinoism,大王砍大王砍,07/09 21:56
→,mecca,恩....炫耀文會越來越多...........:P,07/09 21:57
→,incautious,大辛苦了!!,07/09 21:58
推,Taurnil,辛苦了! 我這陣子都沒有玩卡丁了...,07/09 22:11
→,hsupohan,蠻期待下次的空頭來臨  這樣板上應該會清靜許多  冏...,07/09 22:30
推,mhguo,"多頭時有多頭的熱鬧,相對的空頭時有空頭的唉怨...",07/09 22:37
推,victor740519,兩行文  XD,07/09 23:57
推,zuan,板主辛苦了,07/10 08:59
推,Two3,讚成不翻精華區直接要申手的直接給劣文!,07/10 18:21
→,ddk,對於劣文不需要這樣，因為要求太嚴，不過不找精華區會砍就是了,07/10 18:46
推,onlyfriend,第0級的話 各50萬 不需財力證明,07/23 09:34
推,coconing,一樓正解，多謝補充～,07/23 09:38
推,coconing,已修改,07/23 09:40
推,Jokerman,還有一級是各100 財力證明30萬,07/23 09:42
推,Femo,"印象中50萬是稱為S級,100萬是第零級",07/23 09:45
→,darkprince,^^,07/23 09:46
推,onlyfriend,"喔喔~~ 感謝指正 ^^""",07/23 09:49
推,coconing,多謝樓上幾位指正，已再度修正,07/23 10:08
→,e0101010,coconing沒被說是正妹所以失常,07/23 10:12
推,bheegrl,推好文@@,07/23 10:37
推,anus,請問如果沒開信用戶 當日資買券賣的股票就無法沖銷囉?,07/23 14:10
推,coconing,沒開信用戶你根本無法資買or券賣啊！,07/24 17:17
推,a47512345,XD,04/25 10:37
推,F7,,04/01 17:48
→,F7,9000▕__,04/01 17:48
→,F7,▕  __,04/01 17:48
→,F7,8000▕    __,04/01 17:48
→,F7,▕      __,04/01 17:48
→,F7,7000▕        __,04/01 17:48
→,F7,▕          __,04/01 17:48
→,F7,6000▕            __,04/01 17:48
→,F7,▕              __,04/01 17:48
→,F7,5000▕                __,04/01 17:48
→,F7,▕                   __,04/01 17:48
→,F7,3955▕                      __,04/01 17:48
→,F7,▕______________________________________,04/01 17:48
推,F7,╭───╮,03/16 09:07
→,F7,│ ︰︰ │,03/16 09:07
→,F7,│═  ═│ 南無觀世音菩薩慈悲憶眾生,03/16 09:07
→,F7,│  ○  │,03/16 09:07
→,F7,●╲▁▁╱●,03/16 09:07
→,F7,╭─ ●●●● ──╮          ﹨   ∕,03/16 09:07
→,F7,│  ▏     ╱╳╳╳╲       ╲   ★,03/16 09:07
→,F7,│  ▏   ╱╳╳╳ ╲ ╲▁      叮  ╱,03/16 09:07
→,F7,│╲▁▁ ╳╳╳╳▏ ╲  ▉▄▄●,03/16 09:07
→,F7,╲▁▁⊿╳╳╳╳▏   ▔  ╭───╮,03/16 09:07
→,F7,╭─     ▁╱   │╮       ﹨      ∕,03/16 09:07
→,F7,│  ╲          ├┼╲     ■■■■■,03/16 09:07
→,F7,╰───────┴╯▔,03/16 09:07
→,F7,1,03/16 09:07
→,F7,╭───╮,03/16 09:07
→,F7,│ ︰︰ │,03/16 09:07
→,F7,│═  ═│ 南無觀世音菩薩慈悲憶眾生,03/16 09:07
→,F7,│  ○  │,03/16 09:07
→,F7,●╲▁▁╱●,03/16 09:07
→,F7,╭─ ●●●● ──╮          ﹨   ∕,03/16 09:07
→,F7,│  ▏     ╱╳╳╳╲       ╲   ★,03/16 09:07
→,F7,│  ▏   ╱╳╳╳ ╲ ╲▁      叮  ╱,03/16 09:07
→,F7,│╲▁▁ ╳╳╳╳▏ ╲  ▉▄▄●,03/16 09:07
→,F7,╲▁▁⊿╳╳╳╳▏   ▔  ╭───╮,03/16 09:07
→,F7,╭─     ▁╱   │╮       ﹨      ∕,03/16 09:07
→,F7,│  ╲          ├┼╲     ■■■■■,03/16 09:07
→,F7,╰───────┴╯▔,03/16 09:07
→,Ethical,30,06/10 18:45
→,twStockWeb,標題打反了,03/21 23:49
推,qazaza2756,要等到96出嗎？請求解,07/09 16:20
推,qoo60218,崩爛,04/03 08:47
推,ArthurPtt,推命苦的熱心正妹義工～～XDD,07/23 12:34
推,coconing,非正妹、非營業員,07/23 12:36
推,newbox66,大大真的聽了小的建議，改了暱稱啦！＠＠,07/23 12:37
推,ArthurPtt,推命苦的熱心非正妹義工～～XDD,07/23 12:39
推,coconing,推ArthurPtt版友！,07/23 12:40
→,ArthurPtt,._.,07/23 12:41
推,makestyle,推 coconing 去推倒 ArthurPtt 版友！ XD,07/23 12:49
推,newbox66,現在是流行推人的反被推嗎？XDDDDDDDDDDDDD,07/23 12:50
推,ArthurPtt,makestyle...這樣會害到人哩...=.=|||,07/23 12:54
→,coconing,-_-|||,07/23 12:55
推,ArthurPtt,coconing...真是對不起啊...這玩笑開大了...:p,07/23 12:58
推,makestyle,呵呵，好啦，兩位對不起，不要在意哦 … ^^,07/23 13:04
→,ArthurPtt,罰makestyle貢獻飆股一支(要向上飆的)...XD,07/23 13:06
推,makestyle,(撒嬌ing ... ),07/23 13:07
推,makestyle,"旺宏權 … ^________^""",07/23 13:09
推,ArthurPtt,ㄟ...我不懂權證啦...@.@,07/23 13:10
→,makestyle,不然三晶任您選 … ^^,07/23 13:11
推,ArthurPtt,這還差不多...我決定選擇原諒makestyle...^^,07/23 13:13
推,makestyle,你原諒我 … 但 coconing 還沒原諒我丫 … Orz,07/23 13:15
推,ArthurPtt,哈哈...您真聰明～～這我也無能為力啦！ 科科～～,07/23 13:16
推,makestyle,人家我發信去要真相了…丫，不是，是去道歉 … ^^,07/23 13:29
→,coconing,好吧~看在你誠心誠意的份上，我就大發慈悲地原諒你吧～,07/23 13:31
→,ArthurPtt,真相？？我也要啊...要到別忘了給我哩...,07/23 13:32
→,coconing,我就是穿梭在股票版的恐龍隊~真相~恐怖的真相在等著你們~,07/23 13:33
→,ArthurPtt,我是被嚇大的...所以coconing不用擔心～～,07/23 13:35
推,makestyle,不要給你咧 … 得到真相，滿足ing ...  哈哈哈,07/23 13:35
→,ArthurPtt,"那我拿向5425,x3x8這樣的小小飆股跟你交換,可否？？",07/23 13:36
→,ArthurPtt,像,07/23 13:39
推,makestyle,好丫，但不可以和別人說哦 … ^^,07/23 13:39
→,ArthurPtt,謝謝makestyle來信～～XDDD,07/23 13:41
→,ArthurPtt,心中一塊大石頭落了地...也感謝coconing大量~~^_^,07/23 13:41
推,lisasu,"結果真相公佈完了嗎?? 我來晚了 >""<",07/23 13:45
→,ArthurPtt,嘿嘿...lisa來晚了,07/23 13:48
推,makestyle,嘿嘿...lisa來晚了  (這個推齊也太順利了吧，id一樣長),07/23 13:52
推,ArthurPtt,makestyle 握手~~,07/23 13:53
→,makestyle,ArthurPtt 握手~~,07/23 13:54
推,makestyle,"話說，等等會不會換 lisa 生氣 … >""<",07/23 13:57
推,ArthurPtt,那這樣我們可以跟lisa交換她的真相啊...科科...,07/23 13:58
推,makestyle,這樣的話，換你去道歉，然後 …… 嘿嘿嘿 ^^,07/23 14:01
→,ArthurPtt,好啊...不過lisa好像沒生氣，你先去惹lisa生氣 XDD,07/23 14:03
推,makestyle,我去惹她生氣，到時還不是一樣我要去道歉 … 丫你~~XD,07/23 14:04
→,ArthurPtt,哈哈...為何你總是那麼聰明哩？？？XDDDDDDDDDDDDD,07/23 14:05
推,ArthurPtt,不好意思...胡鬧夠了...開心的一天...也祝福大家...掰掰,07/23 14:08
推,makestyle,不好意思...胡鬧夠了...開心的一天...也祝福大家... ^_^,07/23 14:10
推,lisasu,"啊?? 我的真相..之前O2 有說,誰叫你們自己不去看 XDDD",07/23 14:12
推,makestyle,丫~~~~~~ ArthurPtt 快回來，有關鍵字 … XD,07/23 14:13
推,lisasu,在這裡推這種文好像會被版主水桶的感覺.. @@,07/23 14:19
推,ArthurPtt,嗚嗚...誰是O2??,07/23 15:46
→,F7,4000▕—,11/20 12:54
→,F7,▕,11/20 12:54
→,F7,3000▕          —,11/20 12:54
→,F7,▕                            —,11/20 12:54
→,F7,2000▕                                    —,11/20 12:54
→,F7,▕                                              —,11/20 12:54
→,F7,1000▕,11/20 12:54
→,F7,▕＿＿＿＿＿＿＿＿＿＿＿＿＿＿＿＿＿＿＿＿＿＿＿＿＿,11/20 12:54
→,F7,9:00      10:00      11:00     12:00     1300  1330,11/20 12:54
→,F7,4000▕—,11/20 12:55
→,F7,▕  —,11/20 12:55
→,F7,3000▕     —,11/20 12:55
→,F7,▕                            —,11/20 12:55
→,F7,2000▕                                    —,11/20 12:55
→,F7,▕                                              —,11/20 12:55
→,F7,1000▕,11/20 12:55
→,F7,▕＿＿＿＿＿＿＿＿＿＿＿＿＿＿＿＿＿＿＿＿＿＿＿＿＿,11/20 12:55
→,F7,9:00      10:00      11:00     12:00     1300  1330,11/20 12:55
→,F7,4000▕—,11/20 12:56
→,F7,▕  —,11/20 12:56
→,F7,3000▕    —,11/20 12:56
→,F7,▕      —,11/20 12:56
→,F7,2000▕                                    —,11/20 12:56
→,F7,▕                                              —,11/20 12:56
→,F7,1000▕,11/20 12:56
→,F7,▕＿＿＿＿＿＿＿＿＿＿＿＿＿＿＿＿＿＿＿＿＿＿＿＿＿,11/20 12:56
→,F7,9:00      10:00      11:00     12:00     1300  1330,11/20 12:56
→,F7,4000▕—,11/20 12:57
→,F7,▕  —,11/20 12:57
→,F7,3500▕    —,11/20 12:57
→,F7,▕      —,11/20 12:57
→,F7,3000▕         —,11/20 12:57
→,F7,▕           —,11/20 12:57
→,F7,2630▕,11/20 12:57
→,F7,▕＿＿＿＿＿＿＿＿＿＿＿＿＿＿＿＿＿＿＿＿＿＿＿＿＿,11/20 12:57
→,F7,9:00      10:00      11:00     12:00     1300  1330,11/20 12:57
推,sfalco,猜低點.......3000  GDP-6  猜2009年,02/12 22:48
→,sfalco,2008 二月猜 科科,02/12 22:49
推,city3026,陽明幾年噴一次。可能是10年後的事情了。,03/28 10:22
→,city3026,這段時間別的股票都不知道噴幾次了,03/28 10:22
推,chapman07,推分享!,06/24 20:18
推,beergap,融資抱兩個月，恭喜解套,04/21 21:05
推,forgetpen,推...比某op版好多了...DDk英明..囧rz,07/24 13:59
推,jimihsu,op版主還說stock版亂呢...嘖嘖,07/24 14:10
推,BleuOmbre,wow 是 ddk 耶,07/24 14:16
推,CustomWu,讚，這才是正途，而不是一味用堵的!!,07/24 14:28
推,jglr7129,ㄎㄎ  dd果然棒,07/24 14:31
推,TimHortons,ㄎ  dd果然棒,07/24 14:51
推,giveUstars,ddk 可能要在進板或置底引導一下板上的營業員哦 @@,07/24 15:00
→,giveUstars,怕有沒注意到這篇文章的營業員  (我不是啦 囧>),07/24 15:01
→,giveUstars,"囧 我居然直呼版主大名  |||....orz  少打個ddk""大""",07/24 15:02
推,vinita,嗯..版主棒!!,07/24 16:28
推,dinoism,和夜板的公關文處理方法很像XD  板主可以去參考一下XD,07/24 21:52
→,F7,4000▕—,11/20 12:59
→,F7,▕  —,11/20 12:59
→,F7,3500▕    —,11/20 12:59
→,F7,▕      —,11/20 12:59
→,F7,3000▕        —,11/20 12:59
→,F7,▕          —,11/20 12:59
→,F7,2630▕            —,11/20 12:59
→,F7,▕＿＿＿＿＿＿＿＿＿＿＿＿＿＿＿＿＿＿＿＿＿＿＿＿＿,11/20 12:59
→,F7,9:00      10:00      11:00     12:00     1300  1330,11/20 12:59
→,F7,台股▕,04/06 15:56
→,F7,5000▕▇,04/06 15:56
→,F7,▕  ▇,04/06 15:56
→,F7,4500▕    ▇,04/06 15:56
→,F7,▕      ▇,04/06 15:56
→,F7,4000▕        ▇,04/06 15:56
→,F7,▕          ▇,04/06 15:56
→,F7,3955▕            ▇,04/06 15:56
→,F7,▕              ▇,04/06 15:56
→,F7,3411▕              ▇,04/06 15:56
→,F7,▕________________________________________,04/06 15:56
→,F7,台股▕,04/06 20:25
→,F7,5000▕▇,04/06 20:25
→,F7,▕  ▇,04/06 20:25
→,F7,4500▕    ▇,04/06 20:25
→,F7,▕      ▇,04/06 20:25
→,F7,4000▕        ▇,04/06 20:25
→,F7,▕          ▇,04/06 20:25
→,F7,3955▕            ▇,04/06 20:25
→,F7,▕              ▇,04/06 20:25
→,F7,3411▕                ▇,04/06 20:25
→,F7,▕________________________________________,04/06 20:25
推,jimihsu,原PO是個好人,07/25 18:18
推,cychi,原PO非正妹,07/25 18:22
推,tjm,大多頭行情 問維持率還真怪  應該是好學吧....,07/25 19:07
推,dosome,好詳盡喔....謝謝！ ^___^,07/26 12:00
→,F7,4000▕—,11/20 13:00
→,F7,▕  —,11/20 13:00
→,F7,3500▕    —,11/20 13:00
→,F7,▕      —,11/20 13:00
→,F7,3000▕        —,11/20 13:00
→,F7,▕          —,11/20 13:00
→,F7,2630▕            ＿＿＿＿＿＿＿＿＿＿＿＿＿＿＿＿＿＿,11/20 13:00
→,F7,▕＿＿＿＿＿＿＿＿＿＿＿＿＿＿＿＿＿＿＿＿＿＿＿＿＿,11/20 13:00
→,Cyri1,囧    囧,09/17 00:22
推,Cyri1,ꠠ   囧,09/17 00:27
→,Cyri1,卜几莔寸,09/17 00:27
推,xshaddockx,有出場目標價嗎？ 我已經賣一半出去了,08/19 15:36
推,flowernini,QQ,02/27 14:01
推,forgetpen,推..,07/26 11:08
推,hchs31705,推推,07/26 11:08
→,antontw,那個，那個... 推文聊可以嗎？ (抖抖抖...),07/26 11:08
→,antontw,"然後抓一個錯字「無法接""收""」-->「無法接""受""」...",07/26 11:09
推,Buffetist,哦 越來越努力嚕 加油@@,07/26 11:10
推,kanx,ㄎㄎ推,07/26 11:11
→,ddk,Buffetist你啥時要來開課?,07/26 11:11
推,solonwu,我頂,07/26 11:11
推,coronach,推推  大板難管 板大加油,07/26 11:11
推,adkue,推,07/26 11:11
推,zuan,推 辛苦了,07/26 11:12
推,Buffetist,今年太忙 等我開基金會開好再說,07/26 11:12
推,ddk,今年還有一半，眾版眾可以讓你開的很盛大..( ′-`)y-～,07/26 11:13
→,kanx,Jeter 在嗎? 剛剛被k 到應該很痛吧,07/26 11:14
→,Buffetist,8月上海五天 9月趕報告18篇 10月德國5天 哪有時間><,07/26 11:13
推,ddk,11月和12月.....>////<,07/26 11:15
→,Buffetist,我開好基金會 再以公益名義開班授課好了@@,07/26 11:15
→,Buffetist,我上半年結婚蜜月就把我搞到鬼剃頭了 饒了我吧@@,07/26 11:15
推,kanx,蜜月就鬼剃頭....人生還有50 年要活啊.......XD,07/26 11:17
推,ilovewc,推,07/26 11:23
推,khaos,抓錯字  所有閒『置』文...,07/26 11:28
推,incautious,辛苦啦~~ 板主真不是人幹的 XD,07/26 11:43
推,cychi,鬼剃頭 太操勞了XD,07/26 11:45
→,Buffetist,嘉義員林台北三場婚禮+自助蜜月巴黎20天 一手包辦....,07/26 11:48
→,Buffetist,真的都把持股丟在地上不管@@,07/26 11:49
推,kdbb,自己一手包辦~  真男人,07/26 12:48
推,tvv,呵呵，老B要開課我要去吐嘈..............................XD,07/26 12:53
→,Buffetist,TVV優惠價:一千萬,07/26 13:19
推,drinking,板大辛苦了~~,07/26 13:20
推,tvv,呵呵，B兄愛說笑，我自己開都不用一千萬...................XD,07/26 14:21
→,dkdd,一開就開最低  來吧  慢慢吃貨,07/27 09:03
推,OKBO,請問美齊沒有買和賣的單量~是發生什麼事了麼？,07/27 09:14
推,cychi,一度1569,07/27 09:27
→,vicent0122,1655,07/27 09:35
→,vicent0122,1657,07/27 09:35
→,vicent0122,1659,07/27 09:35
推,insporation,2374有慢慢在往上動囉!!,07/27 09:40
→,chechein,目前多空交戰中...,07/27 11:04
→,chechein,推錯篇抱歉..,07/27 11:05
推,avhacker,只看手中持股，跟本不知道大盤在跌 XD,07/27 11:20
→,avhacker,推錯篇 -_-,07/27 11:30
推,TomSoong,瑞軒衝阿,07/27 12:46
→,AstroNew,再慘不會更慘了..我的股票早就跌停鎖死 XD,07/27 13:07
→,AstroNew,我也是推錯篇:),07/27 13:08
推,cuteQQQ,來推一下,07/28 11:04
→,F7,台股▕,11/20 13:01
→,F7,4000▕—,11/20 13:01
→,F7,▕  —,11/20 13:01
→,F7,3500▕    —,11/20 13:01
→,F7,▕      —,11/20 13:01
→,F7,3000▕        —,11/20 13:01
→,F7,▕          —,11/20 13:01
→,F7,2630▕            ＿＿＿＿＿＿＿＿＿＿＿＿＿＿＿＿＿＿,11/20 13:01
→,F7,▕＿＿＿＿＿＿＿＿＿＿＿＿＿＿＿＿＿＿＿＿＿＿＿＿＿,11/20 13:01
→,Cyri1,囧    囧,09/17 00:28
→,Cyri1,卜几莔寸,09/17 00:28
→,ablue33,仕欽 被列為注意股了 = =,08/03 14:38
推,cobrasgo,我多麼希望我買的股變成警示股啊…,08/03 14:40
推,lovein1,@@~大跌也會變警示股阿~~~,08/03 14:46
推,cobrasgo,第一隻大跌我就跑掉了…不可能抱到變警示股,08/03 14:48
推,mewmiwu,仕欽 被列注意股 似乎很頻繁說,08/04 00:35
推,dax123000,一個帳戶「保證」一張，意思是至少有一張，可能一張,07/23 11:05
推,adfn,查案短線大家會怕影響股價，但長線能減少內線交易。,09/19 13:37
→,YAYA6655,,05/13 14:49
推,leowang1027,明天開紅就可以當沖它了，賺一波,03/10 18:49
噓,shirley0511,噓,04/22 13:55
推,F7,,06/23 14:06
推,s870158,白癡,05/30 01:39
推,jogo,大感謝!!!!!!!!!!!!!!!!!!!!!!!!!!!!!!,08/09 16:12
推,peter4710032,喔喔~推！,08/09 16:14
→,vicent0122,磊哥耶.........,08/09 16:19
→,lightdark4,漢磊  汗淚,08/09 16:22
→,peter4710032,磊哥找個低點屯起來好了...,08/09 16:23
推,decorum,"前2天和工研院能源所的朋友聊天，他認為太陽能還是夢,而且",08/09 16:59
→,decorum,夢醒時分不遠。至於我，至少不會信任翁明顯,08/09 17:01
推,ptau,工研院不是有報告說薄膜不可行???,08/09 17:18
推,Thalys,工研院做不出來不讓人意外,08/09 17:22
推,andybrad,薄膜太陽能效率太低了..之前找資料好像有一種新的方式,08/09 17:23
→,andybrad,利用太陽能...晚點看看...,08/09 17:23
→,coconing,樓上是說 砷化鎵嗎？,08/09 17:29
推,Timsteven,4336篇有講,08/09 17:30
推,makestyle,砷化鎵太陽能 <--------- 海蔘威 …,08/09 18:01
推,makestyle,德,08/09 18:13
推,okbon66,目前仍在評估中 XDDD,08/09 19:47
推,gk1329,只有有心  人人可以做太陽能 =口=,08/09 23:19
推,jerrydoggy,早就有人量產了，可惜太低調。,08/10 00:36
推,serve,薄膜太陽能電池 和面板廠是用同樣的機台 同樣的氣體,08/10 00:55
→,serve,這就是他最大的優勢 效率雖然低了點 但低照度時表現比單晶好,08/10 00:56
推,serve,也可做在可彎曲的基板上  我是相當看好這項技術,08/10 01:04
推,lisasu,砷化鎵嗎???? 博達啊 XDDDDDDDDDDDDDDDDDDD,08/10 08:27
推,wholesaler,炒底王還沒出吧？,03/01 11:38
→,ll1111111111,我也借過賺過,10/05 14:09
推,kayzu,低點已收貨，可望第二季eps挹注,08/21 10:16
推,makestyle,少了一個 1467 南瑋 …,08/09 16:17
推,MrEric,http://twbusiness.nat.gov.tw/asp/world_04.asp,08/09 17:07
推,yongqing,,08/09 22:58
推,F7,台股▕,03/09 08:37
→,F7,4000▕—,03/09 08:37
→,F7,▕  —,03/09 08:37
→,F7,3500▕    —,03/09 08:37
→,F7,▕      —,03/09 08:37
→,F7,3000▕        —,03/09 08:37
→,F7,▕          —,03/09 08:37
→,F7,2630▕            ＿＿＿＿＿＿＿＿＿＿＿＿＿＿＿＿＿＿,03/09 08:37
→,F7,▕＿＿＿＿＿＿＿＿＿＿＿＿＿＿＿＿＿＿＿＿＿＿＿＿＿,03/09 08:37
推,city3026,跌停再壓100張,06/25 10:30
推,williamqwer,995啊 又破年線,04/13 17:58
推,a26893997,哀,01/20 18:42
→,F7,1,06/23 14:06
→,F7,╭───╮,06/23 14:06
→,F7,│ ︰︰ │,06/23 14:06
→,F7,│═  ═│ 南無觀世音菩薩慈悲憶眾生,06/23 14:06
→,F7,│  ○  │,06/23 14:06
→,F7,●╲▁▁╱●,06/23 14:06
→,F7,╭─ ●●●● ──╮          ﹨   ∕,06/23 14:06
→,F7,│  ▏     ╱╳╳╳╲       ╲   ★,06/23 14:06
→,F7,│  ▏   ╱╳╳╳ ╲ ╲▁      叮  ╱,06/23 14:06
→,F7,│╲▁▁ ╳╳╳╳▏ ╲  ▉▄▄●,06/23 14:06
→,F7,╲▁▁⊿╳╳╳╳▏   ▔  ╭───╮,06/23 14:06
→,F7,╭─     ▁╱   │╮       ﹨      ∕,06/23 14:06
→,F7,│  ╲          ├┼╲     ■■■■■,06/23 14:06
→,F7,╰───────┴╯▔,06/23 14:06
→,vicent0122,感謝分享.,08/09 16:22
→,MikaH,士林電機與日商三菱電機會JV,08/09 16:23
推,lisasu,士電現在什麼都做耶.. @@,08/09 16:25
推,mhguo,士電還兼做土地資產咧,08/09 16:30
推,kaod,都沒有會做葉片的.....葉片才賺錢啊!,08/09 16:50
推,bhsj,大同好像什麼都跟他有關係...,08/09 17:00
→,peter4710032,葉片有要特別做的很精密嗎 為什麼賺啊@@?,08/09 17:00
推,coronach,葉片...要很大!?,08/09 17:39
推,vm3kayin,此篇幾乎把我的持股全部說出來了...,08/09 18:38
推,peachteagif,k..還好東元我17.55已經買進,08/09 18:41
→,mecca,因為在台灣葉片常常壞掉啊,08/09 18:43
→,AirLee,其實這些東西都滿耐用的...,08/09 19:58
推,okoktsao,看哪家有 超大型 RF 機台 就買他就對了,08/09 23:53
推,sandraw0302,"大同連燃料電池都有在研發,真猛",08/10 14:07
推,promptly,..,08/22 23:56
推,popcool,只能推了，一堆學店畢業酸發哥跟系統廠被中國屌打，也不,01/23 02:08
→,popcool,想想自己的貢獻在哪，連進都進不去的人就別提了，如果是,01/23 02:08
→,popcool,在裡面的人自己也是豬隊友之一啦，不要說什麼愛之深責之,01/23 02:08
→,popcool,切這種幹話，閉上嘴嘴做好自己的事比較重要,01/23 02:08
→,Cyri1,1,03/07 09:02
→,Cyri1,╭───╮,03/07 09:02
→,Cyri1,│ ︰︰ │,03/07 09:02
→,Cyri1,│═  ═│ 南無觀世音菩薩慈悲憶眾生,03/07 09:02
→,Cyri1,│  ○  │,03/07 09:02
→,Cyri1,●╲▁▁╱●,03/07 09:02
→,Cyri1,╭─ ●●●● ──╮          ﹨   ∕,03/07 09:02
→,Cyri1,│  ▏     ╱╳╳╳╲       ╲   ★,03/07 09:02
→,Cyri1,│  ▏   ╱╳╳╳ ╲ ╲▁      叮  ╱,03/07 09:02
→,Cyri1,│╲▁▁ ╳╳╳╳▏ ╲  ▉▄▄●,03/07 09:02
→,Cyri1,╲▁▁⊿╳╳╳╳▏   ▔  ╭───╮,03/07 09:02
→,Cyri1,╭─     ▁╱   │╮       ﹨      ∕,03/07 09:02
→,Cyri1,│  ╲          ├┼╲     ■■■■■,03/07 09:02
→,Cyri1,╰───────┴╯▔,03/07 09:02
推,adkue,推,08/15 12:26
推,lovebeast,推!!! 但為什麼7/25之前爆漲那幾天是逆價差?,08/15 12:27
推,peter4710032,推～！,08/15 12:28
推,TimHortons,推~,08/15 12:28
推,e0101010,最近我的心情很不OK,08/15 12:30
→,slippers,最近我的心情很愉快..套句O大的話~滿地便宜貨但不能亂撿,08/15 12:31
推,biglarge,專家的話不適用台指期。別被騙了,08/15 12:46
推,yongqing,幫老婆推,08/15 14:08
→,freeunixer,樓上趁亂吃豆腐??,08/15 15:28
噓,gn00273680,事實有錯？,02/06 11:20
推,wq123,大盤大漲持股大跌...,12/13 09:16
推,pezon123,消費性手機那些是GG了啦,02/24 16:55
→,pezon123,Vix大爆噴,02/24 16:57
推,osaka3131,欣興弱到不行,08/24 09:29
推,ReganLu,十推,09/20 21:46
→,in771028zzz,矮額阿榮偷開船,03/03 09:51
→,aqualan,2022空這麼久了，2023轉多不是很合理嗎,01/04 16:56
推,pisu,早說嘛 為什麼不早說,01/31 18:47
推,pisu,老蘇臉好逼雞XD,03/17 15:30
推,xxgogg,2030年朝聖,09/06 00:05
推,yumin88889,黑的夜盤是老天給你的禮物,11/03 16:13
推,lynn79422,美債又有甜甜囉 好舒服,02/05 09:14
推,finmurmur,一詮大噴射 洗完籌碼上囉,05/09 09:23
推,adkue,推  小寧,08/20 09:40
推,Chuckj,推coconing~~~,08/20 09:40
推,k222ing,Thank you,08/20 09:40
推,kunjin,這很棒 推!!,08/20 09:41
推,adase,感謝分享,08/20 09:41
推,m5499,推 實用 感謝,08/20 09:44
推,coffeegiant,很棒 謝謝~,08/20 09:44
推,kerickuo,謝謝 :),08/20 09:46
推,fakir,推,08/20 09:47
推,FlashGet,推! 很棒,08/20 09:48
推,KaiMao,好快的 m！ XD,08/20 09:50
推,ayanesta,推~,08/20 09:51
推,AstroNew,很實用推一個,08/20 09:52
推,capalu,有看有推 :),08/20 09:54
推,a0007,推,08/20 09:55
推,ebird,推！,08/20 09:59
→,Blaze4,<(_ _)>,08/20 09:59
推,mhguo,推不是營業員的 coco,08/20 10:08
推,superbabaya,推    好東西,08/20 10:14
推,Janius,感謝整理!!,08/20 10:18
推,Buffetist,精簡用心,08/20 10:35
推,liffe,wjo,08/20 10:46
推,chicaca731,多謝整理!!,08/20 10:50
推,linweida,推啦推啦,08/20 11:09
推,weiy,PUSH!,08/20 11:13
推,shaoan,推！借轉,08/20 11:39
推,sweet1128,推,08/20 13:33
推,cashcash,推!!用心,08/20 14:30
推,ErinChu,我也要推,08/20 14:43
推,dreamsocean,,08/20 16:08
推,jerry7271,,08/21 09:26
→,gsuper,,06/30 00:19
推,trikilo,又破底了,11/10 00:46
噓,chhsuzu,認真就輸了！有些人技術差就怪別人難高潮，呵！,04/23 21:59
推,Janius,!!,08/21 09:04
推,sulabird,!!,08/21 10:46
推,sunsand,!!,08/21 11:18
推,dreamsocean,!!,08/21 11:21
推,whackup,??,08/21 12:48
推,windprism,"@@""",08/21 20:20
推,marsai,XD,10/11 17:27
推,mike110100,那個圖好幽默,03/10 23:11
推,khaos,頭推,08/21 16:14
推,Femo,推摳摳你,08/21 16:27
→,ErinChu,這個是台灣證券交易所股份有限公司營業細則第５８條喔，,08/21 16:49
→,ErinChu,我的問題不是這個就能直覺解決的，而是根據這幾條原則想出,08/21 16:49
→,ErinChu,想出了不確定的答案，想跟板友們確認一下正確解答嘿．,08/21 16:50
→,coconing,可是你要的答案都在這些原則裡面阿,08/21 16:57
推,aapcao,"神串留名 今天漲停板 82.5 遙想當初講 32 進場 @@""",08/18 21:50
→,donotsettle,今晚刺激~ https://youtu.be/tSJSVmfaMCs?start=79,10/26 11:35
→,donotsettle,GG9220不到80，GG蒸發比加權稍快，1600多家一堆兩光,10/26 11:35
→,donotsettle,今晚刺激~ https://youtu.be/tSJSVmfaMCs?start=79,10/26 13:25
→,donotsettle,gg9220不到80，gg蒸發比加權稍快，1600多家一堆兩光,10/26 13:25
→,donotsettle,想上2萬點gg破千即可，gg每年淨利再給外資分8成 哀哉,10/26 13:25
推,shaddock1996,舉一個例子吧  海運長漲的時候常常有人po國巨圖  但,07/14 23:29
→,shaddock1996,是那年國巨eps有80  市場給到10倍以上eps 1300元 有,07/14 23:29
→,shaddock1996,觸及  觸及之後呢？ 一路到跌倒年底 三百多塊  本益,07/14 23:29
→,shaddock1996,比有四嗎？  既然航海王的目標價 (他是預估30 -35本,07/14 23:29
→,shaddock1996,益比六倍 目標價180  -210 )基本上達到了  之後走勢,07/14 23:29
→,shaddock1996,怎麼樣也不關他的事情了 一堆人因為他賺了多少錢,07/14 23:29
→,shaddock1996,現在賠錢了還想拉他出來？,07/14 23:29
→,gourmand,等等 破底不就表示根本不會止跌之後之後會再破底嗎,02/24 22:31
推,adkue,推...,08/24 09:04
推,rg0126,推  應該M起來的好文,08/24 09:05
推,AUGs,推  長知識,08/24 09:06
推,richylee,強推,08/24 09:06
推,mhguo,推愛喝可可的寧兒,08/24 09:08
推,netjedi,有人功課沒做好，才會有愛喝可可的寧兒 可以M,08/24 09:12
推,dspswen,福氣啦,08/24 09:27
推,Smartbaby,看股版 長知識 M一個,08/24 09:37
推,coinage,PUSH!!,08/24 09:44
推,zuan,利害,08/24 09:44
推,GC500,感謝分享,08/24 09:54
推,capalu,看 可可寧 長知識,08/24 09:55
推,a1013,推~~多學一樣知識了~~謝謝大大,08/24 09:55
→,e0101010,可可寧 原來你一直看多喔,08/24 10:16
推,sansugi,喝可可  解渴渴  XD,08/24 10:22
→,coconing,沒有，我年初228股災的時候是看空的，到五六月才轉看多,08/24 10:27
推,Blaze4,喝可可  解渴渴  XD,08/24 11:02
推,shaoan,可否請問一下 類股是如何查詢底下有哪些股票阿？謝謝,08/24 11:34
推,ashades,喝可可 笑呵呵~,08/24 11:30
→,ErinChu,可可寧維基百科,08/24 12:43
推,pttru,請問全新呢?,08/24 12:48
推,sanderwang,全新是太陽能概念喔,08/24 14:02
推,fidodido1234,"全新分為兩大部分,LED和砷化鎵磊晶片...",08/24 15:28
→,fidodido1234,至於太陽能嗎...嘿嘿...,08/24 15:28
→,fidodido1234,主要營收來源還是砷化鎵磊晶片的啦,08/24 15:28
推,tonylui1515,可可寧好笑XD 推推~,08/24 18:50
推,insight,億光不做晶粒，在此提醒原po,08/25 00:19
→,insight,鼎元也不算是上游晶粒，亦提醒原po,08/25 00:21
推,coconing,鼎元主要產品是晶粒沒錯,08/27 09:33
推,yanghayns,百科全書....,08/24 14:18
→,coconing,我不是百科全書,08/24 14:19
推,info91,XD~1樓你惹到可可寧了~,08/24 14:22
推,forgetpen,是漢生百科裡頭的百科...科科..,08/24 14:22
推,Blaze4,可可寧 關心您,08/24 14:33
推,sadegg,可可寧 保護您,08/24 14:36
推,info91,可可寧 照顧您,08/24 14:39
→,ltmqw,三分鐘 護一生,08/24 14:41
推,Chuckj,樓上虛掉了.....> <,08/24 14:41
→,coconing,不是六分鐘護一生嗎,08/24 14:41
推,gidapops,可可寧 是加強版 三分鐘就可以護一生,08/24 14:42
推,yanghayns,我還是跟coconing致歉好了.....不敢觸怒本版指標XD,08/24 14:44
推,lisasu,"我覺得大家好像在惹惱可可寧 ~""~",08/24 14:45
→,yanghayns,上次體驗到coconing的正妹之怒，股市大跌賠好慘,08/24 14:45
推,dinoism,2344..好久前在非凡看到他們那晶片的娃娃買了=>套了XD賣了,08/24 14:46
→,yanghayns,（開開玩笑啦）～～謝謝本版志工,08/24 14:46
推,ltmqw,我…我…我虛了嗎？ (抱頭),08/24 14:48
推,goodfuture,可康寧，好像感冒糖漿的葯名，可康寧一出，大盤不感冒,08/24 16:07
推,rejection,z-5-20-11,08/24 20:24
推,a875979,上車囉,04/24 18:27
推,Hbodo,樓上厲害,03/13 15:41
推,rayoo,應該是要減資打消虧損，讓對方能入股,05/09 16:52
推,wuntony,會員真的被空手一季 最好都不會爆氣-.-,07/06 15:17
推,osaka3131,台積盤QQ,09/10 09:46
推,xingye,感謝南茂哥，昨天進今天馬上漲停～,12/31 11:42
→,aa882223,一切的一切我預告在前,05/18 08:51
推,tophero0704,航運is over 見紅就是空,07/14 09:05
推,in771028zzz,乾忘記有小摩了,11/05 09:17
推,aa882223,面板瘋了,11/19 09:03
→,huk40199,割只等30元台積電,12/30 15:52
推,pisu,巴菲特防線要破了嗎,12/29 09:20
推,vm3rmp4,VVVVVVVVV,01/09 16:47
推,templers2001,那現在的南科可以叫做可怕的平衡嗎??,08/24 18:06
推,candymay,今天我又加碼它:p,08/24 18:55
→,candymay,推錯~~,08/24 18:56
推,tidaomi,大江不錯,05/06 07:13
→,TIouChen,台積電只是依約定交貨？還是有內幕？,10/23 17:43
推,linweida,推啦 推啦,08/26 01:02
推,JLurker,專業好文不得不推!!!!!!!!!,08/26 01:02
推,newbox66,推成交量太小的股票不可用漲停、跌停來買賣，之前才被一쀠,08/26 10:53
→,newbox66,檔成交量小的股票給陰到,08/26 10:54
推,IanLi,哇哈哈 二樓的我認識^^,08/26 17:56
推,sweet1128,推 好專業,09/06 17:04
→,jimlexus,………鬧版？,03/29 21:53
→,loveadu,一切預告在前,04/08 22:12
推,adkue,推,08/29 11:09
推,sadegg,可可寧關心您,08/29 11:09
推,jdswa,可可寧 妳人真好...(羞),08/29 11:11
推,TimHortons,推 科科寧~~,08/29 11:13
推,ctfisher,推~~,08/29 11:32
推,andypan,推 coconing,08/29 11:39
→,uuyyy,推 科科寧~~,08/29 11:47
推,tiphreth,推~^^,08/29 12:04
推,goitaly,有看有推~,08/29 12:06
推,cobrasgo,推,08/29 12:11
推,papayapa,我一定要狂推阿!!!!!!!!推推推推,08/29 12:14
推,lisasu,樓上怪怪的 =-=,08/29 12:19
推,yuffieAK47,推,08/29 12:40
推,crayon1988,推,08/29 12:43
推,dokimeki,推 stock版的溫馨清流,08/29 12:51
推,ieyasu,"有錯字，消費者信心  五千個家""庭""ꄠ  感謝原po分享",08/29 12:59
推,shaoan,推,08/29 13:13
推,yukman,有看有推...,08/29 13:25
推,bigboss,推,08/29 13:53
推,ayanesta,大力推~  >///<,08/29 14:22
推,martenla,第一個應該改成核心CPI吧。,08/29 22:57
推,Buffetist,妹正心也好@@(亂入),08/30 08:33
推,gsuper,,06/30 00:23
推,tequila561,推,10/16 23:52
推,cychi,有看有推 可可寧,08/30 16:42
推,IanLi,推 若要依此題材選標 要注意PC Cam所佔比例,08/30 16:42
→,e0101010,還有一家太欣,08/30 16:43
推,DAVIDD0629,我看成                  PC Mam                 =  =,08/30 16:44
推,ebird,這些股票業績成長持續到明年的　現在買明年搞不好都有三五成,08/30 16:46
→,ebird,是大部分不是全部,08/30 16:47
→,ebird,比較推那三家製造商　有製造出東西.股票慢慢漲比較好,08/30 16:48
推,loveayu,可可寧 救甘心,08/30 16:50
推,wingwings,"推 (華碩本身有在發展pc cam,和佳能合作後,會不會往",08/30 16:51
→,wingwings,這方面加重發展..值得觀察..),08/30 16:52
→,coconing,謝謝e0101010版友，已補上5302太欣,08/30 16:58
推,kansppt,可可寧 就甘心,08/30 17:04
推,k222ing,可可寧 就甘心,08/30 17:13
推,swordmen,可可寧 明天如果大漲可以來場飯局嗎....>////<,08/30 17:27
→,coconing,我是虛擬人物....,08/30 17:35
→,crumpler,虛擬偶象,08/30 17:46
推,netjedi,伸虛擬照片 (￣y▽￣)╭,08/30 18:29
推,newper,"coconing啥都有,真神",08/30 18:35
推,lin321321,想把 可可寧推進名人堂.....,08/30 18:49
推,tiphreth,推~^^,08/30 19:21
推,shaoan,推 ^^,08/30 20:16
推,shaoan,原相是3227 Orz,08/30 20:20
推,pourhomme,那麼多家在做表示門檻不高~不建議去淌渾水...買在高點會,08/31 01:00
→,pourhomme,很慘,08/31 01:00
→,F7,啊啊啊  啊啊啊啊啊啊啊啊,01/07 01:08
→,F7,啊  啊              啊,01/07 01:08
→,F7,啊啊啊 啊啊       啊啊啊啊 啊,01/07 01:08
→,F7,啊  啊 啊 啊      啊    啊 啊,01/07 01:08
→,F7,啊啊啊 啊   啊    啊    啊 啊,01/07 01:08
→,F7,啊 啊      啊啊啊啊 啊,01/07 01:08
→,F7,啊啊                啊,01/07 01:08
→,F7,啊                  啊,01/07 01:08
→,F7,啊                  啊,01/07 01:08
→,F7,啊              啊  啊,01/07 01:08
→,F7,啊                啊啊,01/07 01:08
推,F7,x股▕,02/12 22:38
→,F7,4000▕—,02/12 22:38
→,F7,▕  —,02/12 22:38
→,F7,3500▕    —,02/12 22:38
→,F7,▕      —,02/12 22:38
→,F7,3000▕        —,02/12 22:38
→,F7,▕          —,02/12 22:38
→,F7,2630▕            ＿＿＿＿＿＿＿＿＿＿＿＿＿＿＿＿＿＿,02/12 22:38
→,F7,▕＿＿＿＿＿＿＿＿＿＿＿＿＿＿＿＿＿＿＿＿＿＿＿＿＿,02/12 22:38
推,yofa,真的丸子…我說的是空軍,07/18 21:55
推,beminaru,好分析~推,08/30 23:33
推,adkue,推,08/30 23:34
推,cobrasgo,讚，推一個,08/30 23:44
→,cobrasgo,原po是會計系的吧,08/30 23:44
→,cchbrian0415,2段就是訊號發射理論....XDDDD,08/30 23:46
→,cchbrian0415,補充說明的部份   那個問問題的應該來這看  精解,08/30 23:48
推,hitoo,看得懂 謝謝,08/30 23:50
推,TimHortons,推~~ 會計學通通還給老師了 XD,08/30 23:50
→,cchbrian0415,有的是財管的東西喔 不過財管也可以說是會計衍生出來,08/30 23:53
→,cchbrian0415,的.....XDDDDD,08/30 23:54
推,wangchunyen,謝謝...我了解了....鋼溫阿,08/30 23:55
推,Ace006,推,08/31 00:00
推,hqu,感謝....還是不要和趨勢作對啊.....允強硬食6支黑K....,08/30 23:59
→,ckshiel,I兄讓我感覺很像Philip.A.Fisher。,08/31 07:12
推,IanLi,樓上C大抬舉了 ^^,08/31 11:01
→,IanLi,公司賺錢 公司價值自然提高 不用仰賴分紅 也是能賺到錢的,08/31 11:04
推,ltckenny,推優文:P,09/09 01:27
→,IcySwordRain,有借有推~XD,11/14 15:58
→,pezon123,搶3037會虧死,05/24 10:35
推,osaka3131,3017今天走真穩,04/16 09:45
推,TuDu,胰臟癌市場不算大 藥又難開發,06/03 17:56
推,osaka3131,景碩也太強了,06/11 09:40
推,slayptter,加1,01/15 08:23
→,slayptter,+1,01/15 08:24
→,neverlosery,小兒今天又要倒多少台積？,03/22 09:18
推,johnny1125bo,拆拆還在凹 會員真慘,07/21 14:56
推,tt333925,最怕不是天崩地裂一次落底，而是電梯下樓一直不停,08/12 15:51
推,g0t24568,長榮127 掛賣10000張？,02/08 09:35
推,dtarc,台股世界強,06/09 09:41
推,NiKuKuO,網家火災  猛,08/02 09:21
推,in771028zzz,皇昌好猛 這座山,01/10 09:22
推,mqhung,還以為頭暈…..，馬上上來看,05/10 15:47
推,m5499,推 專業又實用 感恩~,09/03 10:11
→,threecia,光速M!!,09/03 10:13
推,AstroNew,果然是專業的 推!,09/03 10:14
推,TimHortons,寧兒真是好人!!! 推!!!!,09/03 10:14
推,mecca,不存在的寧兒................(抖),09/03 10:16
推,NE,飄兒吧......,09/03 10:16
推,kansppt,發好人卡給可可寧~,09/03 10:18
推,yuyuii,推 謝謝^^,09/03 10:19
推,thebackshade,專業 COOL~~~~~,09/03 10:20
推,neversay,這個實用！！,09/03 10:23
推,zuan,專業 實用 好人 可可寧,09/03 10:26
推,alexlovesky,好用 好玩 又好吃 可可寧,09/03 10:33
推,dianna72,推,09/03 10:34
推,sadegg,五樓  丁丁  卡片回收中心  科科寧,09/03 10:40
推,KaiMao,專業、清新、可可寧、保護您,09/03 11:12
推,andyjaw,"推一個, 簡單版的就很有用了",09/03 11:15
→,tengy,可可寧大大  那盤中不就要一直拿計算機來算...,09/03 11:51
→,tengy,請問您看的方式怎樣比較有效率呢?,09/03 11:51
推,chewei55,專業好文!!,09/03 12:19
推,ypfbkg,太好了,09/03 12:47
推,kort,不就看哪個大就行了 不用拿電算機算吧@@,09/03 13:05
推,coffeegiant,專業!!!,09/03 13:26
→,ErinChu,新指標：偽買張＆偽賣張,09/03 19:17
推,stef1725,推~~~,09/03 20:49
→,F7,台股▕,04/06 20:36
→,F7,5000▕▇,04/06 20:36
→,F7,▕  ▇,04/06 20:36
→,F7,4500▕    ▇,04/06 20:36
→,F7,▕      ▇,04/06 20:36
→,F7,4000▕        ▇,04/06 20:36
→,F7,▕          ▇,04/06 20:36
→,F7,3955▕            ▇,04/06 20:36
→,F7,▕              ▇,04/06 20:36
→,F7,3411▕                ▇,04/06 20:36
→,F7,▕______________________________________,04/06 20:36
推,colyward,紅茶妖股啊 紅茶若買在130 不到2個月就半折了,05/09 13:37
推,dw560809,一樣抱緊 拜託快上來阿,06/21 08:07
→,b25836900,推推！,11/07 23:03
推,ctfisher,頭推~~~,09/05 08:24
推,lovebeast,我推       我一直以為和成只做馬桶~><,09/05 08:25
推,adkue,推,09/05 08:33
→,azman,裡面我保證至少3家都沒有該項技術,09/05 08:36
推,alliao,波音不是跟日本訂貨...單會下到台灣來嗎..,09/05 08:49
推,pojicoffee,應該是台化1326在做炭纖,09/05 09:09
推,zuan,大家都好專業~,09/05 09:15
推,superbabaya,最近出現的可可寧真的很專業,09/05 09:20
→,Robbit1024,專業  推,09/05 09:21
推,MikaH,http://0rz.tw/6031g,09/05 09:30
→,boss88893,上個月看過了..................,09/05 09:42
→,MikaH,新聞連結的確是上月份的 只是借題共享 讓您再看一次請見諒了,09/05 10:12
→,cobrasgo,原po真是強,09/05 12:22
推,yanghayns,1424期先探（2007.8.4）68頁有碳纖維專輯,09/05 15:11
→,yanghayns,去圖書館找找看，很詳細～～,09/05 15:13
推,o78yyo,聽到IX有問題 72馬上空。12月營收應該很精彩。,12/17 08:25
推,tten,真是驚訝....,09/07 09:13
推,sadegg,辛苦了,09/07 09:13
→,tten,不考慮多呆一陣子嗎@@,09/07 09:13
推,jimihsu,"辛苦了, 版主~~~",09/07 09:13
推,peterduck,辛苦了,09/07 09:13
推,chisan,">""<",09/07 09:13
推,kpwada,休息是為了走更長遠的路,09/07 09:15
推,justdoit,辛苦啦,09/07 09:15
推,ohoho,GG,09/07 09:15
推,jdswa,"辛苦了,版主!",09/07 09:15
推,Chuckj,辛苦了,09/07 09:16
推,richylee,很棒的版主，推一個,09/07 09:16
推,kanx,阿~~~~~~~~~~~~~~~~~~~~~~~~~~~~~~~~~~~~~~~~~~,09/07 09:16
推,Timsteven,"dd辛苦了  >""<~~~~",09/07 09:16
推,alwaymayday,辛苦囉！！,09/07 09:17
推,m5499,謝謝版大 你辛苦了,09/07 09:17
推,peter4710032,辛苦了,09/07 09:18
推,newss0221,~~~很驚訝~但是還是謝謝你了~^^辛苦了~,09/07 09:18
推,Liaooo,辛苦了，謝謝版大這段時間的努力,09/07 09:19
推,fakir,辛苦了,09/07 09:20
推,habu,辛苦了~,09/07 09:20
推,stef1725,推~~~,09/07 09:20
推,ieyasu,版主辛苦了,09/07 09:20
推,iambcool,抱腿~~~~~~~~~~~~~~~~~~~~別走啊!,09/07 09:21
推,makestyle,"抱腿~~~~~~~~~~~~~~~~~~~~別走啊! (欺負長 ID >""<)",09/07 09:22
推,someson,辛苦了  版主,09/07 09:22
推,kuwawa,oh no...,09/07 09:23
推,nagual,辛苦了~~~~,09/07 09:23
推,k8543,推,09/07 09:23
推,tsengweike,真的辛苦了,09/07 09:24
推,jeryu,辛苦了！,09/07 09:24
推,wakauo,辛苦了,09/07 09:24
推,adkue,辛苦了~,09/07 09:24
推,adbecf,推你一個~辛苦了~謝謝版大,09/07 09:24
推,khaos,板大辛苦了    <(_ _)>,09/07 09:25
推,capalu,感謝你這些日子來對Stock的付出 :),09/07 09:27
推,martenla,版大辛苦你了,09/07 09:27
推,necy,辛苦了～,09/07 09:27
推,llll1,辛苦了 你是相當認真的版主 讓人驚訝,09/07 09:28
推,Lumbar,很棒的版主  讓人敬佩!,09/07 09:28
推,ltckenny,辛苦了!!!,09/07 09:30
推,nightwise,dd要走了 Q_Q,09/07 09:32
推,mhguo,推 ddk 辛苦了,09/07 09:32
推,chechein,版主...感謝你,09/07 09:33
推,zuan,ddk做的很棒呀Q_Q,09/07 09:32
推,biojeramy,辛苦了 版主ddk 從你那學到了不少東西 大感謝 <(_ _)>,09/07 09:33
推,thebackshade,Baby don't go~~~~~(累奔),09/07 09:35
推,mecca,DDK            OP板需要你,09/07 09:35
→,thebackshade,辛苦了,09/07 09:35
推,coke5130,ddk大~你真是難得一見佛心來的版主大大啊~要常來啊!!,09/07 09:35
推,airplane0525,辛苦了~~~~,09/07 09:36
推,s364015,版主 辛苦了 雖然你刪過我的文 但那是我的錯 呵 謝謝你!,09/07 09:36
推,ArcMig,辛苦ddk了 從你的文章學到了很多,09/07 09:35
推,lisasu,Q_Q  ddk辛苦了..,09/07 09:36
推,beyound,板主辛苦了~~~有機會要多回來黑,09/07 09:36
推,sanderwang,don't go  baby..,09/07 09:38
推,tiphreth,辛苦~,09/07 09:38
推,aerial,辛苦了~,09/07 09:39
推,kingpiggy,辛苦了! Good job!!,09/07 09:40
推,bigboss,辛苦了,09/07 09:42
推,autotroph,辛苦了! Good luck!,09/07 09:41
推,elegantlion,辛苦了! Good luck!,09/07 09:43
推,monoxxooxx,886..版主..,09/07 09:46
推,KuwaK,辛苦了,09/07 09:47
推,NotEasyToSay,建議coconing出來選版主 XD,09/07 09:51
→,Lumbar,可可寧 滴滴k 有異曲同工之妙,09/07 09:52
推,ArthurPtt,建議coconing出來選版主 XD,09/07 09:57
推,ltmqw,版主 加油,09/07 10:01
推,adase,不當版主..還是要回來分享文章喔..:DDDDDDDDDDDDDDDDDDDDDDD,09/07 10:04
推,jglr7129,阿 真突然阿,09/07 10:04
推,comp1ete,辛苦你了...,09/07 10:05
推,tagso,辛苦了! Good luck!,09/07 10:06
→,devinwu,辛苦啦~~,09/07 10:11
推,Taurnil,辛苦了!!有空常回來~~,09/07 10:15
推,shakeyao,辛苦了...感謝你的付出!,09/07 10:15
推,jogo,辛苦ddk........>/////<,09/07 10:15
推,ab022,辛苦ddk........>/////<,09/07 10:17
噓,ilsr,"什麼叫暴力文化就去""連線版""? 那PTT是一言文化? 出貨文化囉?",09/07 10:18
→,ilsr,退的好~,09/07 10:19
推,pcshgod,是股票賺飽飽要澇跑到大溪地嗎? 真羨慕阿,09/07 10:22
推,yanghayns,ptt上能這樣良性討論的已經很少了。版主真難得～～,09/07 10:28
推,TikalCelts,ptt 鄉民本來多數就沒什麼水準,09/07 10:29
→,ilsr,你確定是良性嗎? 但我怎看到一堆變相喊盤喊股的? 誰來擋?,09/07 10:31
→,ilsr,"反""暴力文化""當然好, 但有心喊盤狗, 文筆修飾一下就過關了!",09/07 10:32
→,ilsr,"結果PTT一堆散戶及學生(多數), 便傻傻的跟單!? 又不能吐~",09/07 10:33
推,monoxxooxx,ptt是看板友吃飯的文化.只要PO文有地位.講話就開始大聲,09/07 10:33
→,ilsr,"這是我看到的情形, 雖少了暴力文, 但卻放縱出貨狗~ 呼..算了",09/07 10:34
→,ilsr,"這就是盲從啊~ 準個幾次就一堆人捧, 不準後又去捧另一個~",09/07 10:37
→,smuggle,"有人出貨嗎? 還好吧...通常文章前都會寫""盈虧自負""",09/07 10:38
推,pclee56,"謝謝ddk的付出,祝您投資順利賺大錢..",09/07 10:39
推,monoxxooxx,屁股大後帳著人多.對版友猛獻殷情.就開始教訓別人起來,09/07 10:39
→,ilsr,"尤其是暴漲暴跌時, 就會有人說""看吧!我XX之前就曾說過"".",09/07 10:38
→,ilsr,"但這種人如果真的看錯了, 就會選擇默默不出聲, 等忘了再出來~",09/07 10:41
→,ilsr,"呵, 出來喊股不是為出貨, 難道主力或大戶讓你賺他們錢喔?",09/07 10:42
推,monoxxooxx,不過我對版主還是很肯定啦!,09/07 10:42
推,kunjin,大濕出來了耶 快拜 Orz,09/07 10:43
→,monoxxooxx,對某些版眾..很不能茍同,09/07 10:43
→,ilsr,"就是什麼有盈虧自負, 老實的散戶才都摸摸鼻子認賠~",09/07 10:43
→,ilsr,"如果你是新手, 不知怎麼買股, 會不會就去參考那些喊盤標的?",09/07 10:44
→,smuggle,"同意mono和ilsr....,是有幾個怪怪的,真的....",09/07 10:43
推,fate9243,推推,09/07 10:45
→,ilsr,"然後就文筆寫的有說服力一點, 再開幾個分身拱文, 就..買了.",09/07 10:44
→,smuggle,"其實待在板上一點時間,就會發現,單子還是不要跟,自己做功",09/07 10:45
推,ErinChu,辨別訊息並自我培養判斷能力，是身為投資人應有的基本責任,09/07 10:46
→,smuggle,"課還是比較實在....不過,板上的新手和學生確實不少...",09/07 10:46
推,andyjaw,"版主辛苦了~~  但我不贊同i1sr的意見, 本來就是盈虧自負~~",09/07 10:47
→,ErinChu,，也是對自己和自己的財務負責的基本態度,09/07 10:47
→,ilsr,"我不是指要""贊同我"", 而是說, 很多新手或學生易誤判而跟單~",09/07 10:53
→,ilsr,"如果, 今天版上都是高手或是有經驗(含繳過學費)的老手~",09/07 10:53
推,haveacat,推Y,09/07 10:54
推,monoxxooxx,"""暴民文化""還不是某些屁股大的板友.自以為出來維護正義",09/07 10:54
→,monoxxooxx,起鬨跟從版友..來鬧的..,09/07 10:55
→,ilsr,"那我以上當然都是屁話!也不用叫我大大啦,我對PTT又沒貢獻~",09/07 10:54
→,monoxxooxx,"因為屁股大的說""你""不好..一堆人就是是是..就吵起來囉",09/07 10:56
推,minij,辛苦了!!,09/07 10:57
推,smuggle,"""獻殷勤""""屁股大""""自以為正義""""教訓別人""我知道你在講誰了",09/07 10:57
推,mood1987,辛苦版主了,09/07 11:00
推,KevinChien,"有一點捨不得, but thank you !",09/07 11:04
推,andyjaw,個人以為投資市場本來就是險惡的..i1sr在ptt保護好他們...,09/07 11:07
推,cyberleft,謝謝為本板的付出,09/07 11:08
→,andyjaw,那他們離開ptt之後呢? 所以盈虧還是自負吧..加警語就好~~,09/07 11:08
推,iroiyagami,補血 XD,09/07 11:10
推,unair,誰是屁股大??,09/07 11:10
→,ilsr,"嗯嗯, 大部份的人, 都是繳足學費後才習得經驗的, 被騙也好~",09/07 11:12
推,Robbit1024,辛苦了!!,09/07 11:20
推,ckshiel,建議  可可寧！,09/07 11:24
推,MikeF,^^/,09/07 11:35
推,Robbit1024,心理學大師 別生氣..要心平氣和 別在人家文章裡吵..,09/07 11:35
推,shouteen,辛苦了!!,09/07 11:36
推,loselove6636,我永遠記得DDK碰到新手玩融資就好像會生氣~,09/07 11:44
推,Robbit1024,"暴民文化是指這個""爆""",09/07 11:46
推,monoxxooxx,大屁股出現了..XD,09/07 11:49
推,tsengweike,市場險惡 隨便看po文就買股 被騙也是剛好而以,09/07 11:51
→,Robbit1024,別在人家文章辭退文吵  自己去開一篇啦...,09/07 11:52
→,tsengweike,ddk管的非常好 之前股市飆時上百篇文章 聊天的就佔70%,09/07 11:52
→,tsengweike,現在這樣很棒 光是聊天文能整合用一篇代替 已令人佩服,09/07 11:53
推,willmill,Thank you very much,09/07 12:00
推,monoxxooxx,你很怪耶 沒人吵呀= =  獻殷勤  獻殷勤  獻殷勤,09/07 12:01
推,danceIris,版主大人辛苦了!!,09/07 12:09
推,bitters,某人真的廢話很多，說出來的話真是人同ID,09/07 12:09
→,adkue,推樓上  XD,09/07 12:11
推,monoxxooxx,圈圈叉叉嗎?不過我那是英文OOXX耶.搞錯了唷XD,09/07 12:12
推,pradalove,掰掰哩...感謝你為了STOCK版所做的一切,09/07 12:12
推,bitters,科科，有人也只能這樣引人注意而已XD,09/07 12:14
→,monoxxooxx,其實真的不甘你的事耶..自以為正義?,09/07 12:14
→,monoxxooxx,還是他是你馬吉,09/07 12:15
推,bitters,科科,09/07 12:15
推,morrischen2,老大最優啦~,09/07 12:19
→,morrischen2,超愛DDK的~~~,09/07 12:19
推,kinmogi,多回來PO文阿!,09/07 12:22
推,remixx,熱門版版主真的很辛苦!! 謝謝你!!,09/07 12:37
推,kenndy,版主~辛苦了!雖然你刪過我的文@@但那是我的錯...謝謝你!,09/07 12:46
推,vocation,板大很熱心 謝謝啦!!!!!!!!!!,09/07 13:14
推,Echero,版主辛苦了,09/07 13:25
推,cchbrian0415,DKK大  真的很辛苦  很棒!!!! 請留下來....,09/07 13:30
→,cchbrian0415,請原諒我PO了一些廢文  我只是想輕鬆一下...,09/07 13:31
噓,twisters121,趕快走啦~~我覺得你很爛..,09/07 13:34
噓,ohoho,很讚幫補,09/07 13:39
推,tksanw,dkk 板主做的很不錯啊！,09/07 13:43
推,gain,我爆,09/07 13:46
推,yao7,辛苦了..,09/07 13:47
推,jim2186,辛苦了,09/07 13:49
推,wonnafree,辛苦,09/07 13:50
推,seny,辛苦了,09/07 13:51
噓,wonnafree,專制,09/07 13:52
推,mswitch,會嗎?我覺得他做的很好阿!!你看哪個大版人氣過高以後就充,09/07 13:55
→,mswitch,滿一堆聊天的廢文，我寧願看喊盤文我也不想看無意義灌水文,09/07 13:55
推,iambcool,再推!辛苦啦.DDK大~請留下來吧.,09/07 14:01
推,MITS,推，加油,09/07 14:05
推,Miaol,推版主的用心，辛苦囉,09/07 14:57
推,freeloop,辛苦了 你真的是個很好的板主,09/07 15:42
→,booth,滾啦你 ，我這輩子沒看過這麼爛的版主,09/07 15:48
→,daltontiencc,事實證明好壞都會有人支持有人度爛,09/07 16:34
推,zuan,ddk祝你一切順利,09/07 16:34
→,daltontiencc,不過暴民文化去連線版這句恐怕不是很妥當,09/07 16:34
噓,twisters121,滾啦你 ，我這輩子沒看過這麼爛的版主,09/07 16:40
推,mynameiseric,再爆  我喜歡學術性質的股票版 推,09/07 16:48
噓,twisters121,滾啦你 ，我這輩子沒看過這麼爛的版主,09/07 16:57
推,yuhnyang,twisters121上站2053次耶 怎麼還像個白痴一樣 科科,09/07 17:50
推,wakauo,"=========搶到爆,幹！我搶到爆 不要在噓或推了,幹=========",09/07 17:50
推,Orj,好版主辛苦了,09/07 18:00
推,frank0202,dkk 板主做的很不錯啊！,09/07 18:14
推,nccumis,嘿，你開心就好，辛苦了！,09/07 18:25
→,aios,一路好走,09/07 19:16
推,IanLi,DDK 辛苦了~,09/07 21:06
推,tknes,.....,09/07 21:54
推,e0101010,辛苦囉 遇到不開心的事情,09/07 22:58
推,trappings,謝謝　版大DDK !,09/07 23:58
推,lalalahu,辛苦DDK版大長期認真地為大家服務,09/08 00:22
推,lalalahu,那些噓的是老二痛嗎?還是之前某些被拔帳號的丁丁來報復?,09/08 00:25
推,paradoxjor,推ddk版主,09/08 00:27
推,hiroshi6557,辛苦了~~~,09/08 00:47
推,Buffetist,唯有一推表敬意,09/08 01:58
推,realtemper,一推表敬意,09/08 04:35
推,pkzox,唯有一推表敬意,09/08 23:37
推,Robbit1024,有些人噓都是寫一些無意義又沒內容的文章被砍..,09/09 02:53
推,andyliu,辛苦囉,09/10 17:17
推,solonwu,先推再看,09/11 11:58
推,kunjin,還不M一下,09/11 11:58
推,iloveglay,頭推,09/11 11:59
→,iloveglay,晚好幾步.....囧,09/11 12:00
推,sadegg,推,09/11 12:00
推,wingwings,未看先推~,09/11 12:00
推,adkue,PUSH,09/11 12:01
推,MetatronJ,推,09/11 12:01
推,Aroman,先推再說,09/11 12:02
推,siang,推  學到好多東西,09/11 12:02
推,TimHortons,科科 有看有推~,09/11 12:02
推,AJ5,推教釣魚文,09/11 12:03
推,TimHortons,IanLi出品 必屬佳作,09/11 12:05
推,Robbit1024,推..,09/11 12:08
推,ddk,push,09/11 12:09
推,photonic,這一定要推!,09/11 12:09
→,photonic,ddk m一下 XD,09/11 12:09
推,tkuallen,推~,09/11 12:09
推,cobrasgo,"你搞錯了，他的子公司不是""業外""",09/11 12:10
推,simpleisbest,這有批釣竿好便宜，想學釣魚的快來拿XDD,09/11 12:09
推,Robbit1024,問一下：海外公司 在台灣需不需要強制認列損益呀?,09/11 12:12
推,simpleisbest,看採哪種評價法。http://0rz.tw/dc31J,09/11 12:16
推,Robbit1024,QQ謝謝..,09/11 12:19
推,brockcheng,佳作啊~~,09/11 12:29
推,ujj,推,09/11 13:14
推,adase,大推....................,09/11 13:16
推,ltckenny,推!!!學了不少,09/11 13:39
推,freeloop,感謝I大的認真^^,09/11 13:48
推,devinwu,推!,09/11 13:48
推,andyjaw,推好文~,09/11 13:55
→,ninicha,好厲害，偷學^^,09/11 14:51
推,ckshiel,真的超強！  也感謝你的分享，希望未來也可以多發表一點。,09/11 20:06
推,swathit,太強了~~學習中 ^^,09/11 23:11
推,sega117,先空再說 ^^,09/11 23:16
→,IanLi,要空現在空手腳有點慢 XD,09/11 23:39
推,F7,▕,06/28 08:30
→,F7,8000▕__,06/28 08:30
→,F7,▕  __,06/28 08:30
→,F7,7000▕    __,06/28 08:30
→,F7,▕      __,06/28 08:30
→,F7,6000▕        __,06/28 08:30
→,F7,▕          __,06/28 08:30
→,F7,5000▕            __,06/28 08:30
→,F7,▕              __,06/28 08:30
→,F7,3955▕                __,06/28 08:30
→,F7,▕______________________________________,06/28 08:30
→,hillgill,A50正2星期一42以下開始收購,02/03 11:41
